subject,topic,language,title,url,duration_min,level
dbms,Database Basics,en,Database basics video search - NPTEL,https://www.youtube.com/results?search_query=NPTEL+database+management+system+introduction,12,Beginner
dbms,Database Basics,te,Database basics Telugu video search,https://www.youtube.com/results?search_query=DBMS+introduction+Telugu,12,Beginner
dbms,Relational Model,en,Relational model video search - NPTEL,https://www.youtube.com/results?search_query=NPTEL+relational+model+database,14,Beginner
dbms,Relational Model,te,Relational model Telugu video search,https://www.youtube.com/results?search_query=relational+model+DBMS+Telugu,14,Beginner
dbms,SQL Basics,en,SQL basics video search - NPTEL,https://www.youtube.com/results?search_query=NPTEL+SQL+basics+SELECT+WHERE,15,Beginner
dbms,SQL Basics,te,SQL basics Telugu video search,https://www.youtube.com/results?search_query=SQL+basics+Telugu+SELECT+WHERE,15,Beginner
dbms,Normalization,en,Normalization video search - NPTEL,https://www.youtube.com/results?search_query=NPTEL+database+normalization+1NF+2NF+3NF,15,Intermediate
dbms,Normalization,te,Normalization Telugu video search,https://www.youtube.com/results?search_query=DBMS+normalization+1NF+2NF+3NF+Telugu,15,Intermediate
dbms,Transactions,en,Transactions video search - NPTEL,https://www.youtube.com/results?search_query=NPTEL+DBMS+transactions+ACID,14,Intermediate
dbms,Transactions,te,Transactions Telugu video search,https://www.youtube.com/results?search_query=DBMS+transactions+ACID+Telugu,14,Intermediate
data-mining,Data Preprocessing,en,Data preprocessing lesson search,https://www.youtube.com/results?search_query=data+mining+data+preprocessing,12,Beginner
data-mining,Data Preprocessing,te,Data preprocessing Telugu search,https://www.youtube.com/results?search_query=data+preprocessing+Telugu,12,Beginner
data-mining,Association Rules,en,Association rules lesson search,https://www.youtube.com/results?search_query=data+mining+association+rules+support+confidence,14,Intermediate
data-mining,Association Rules,te,Association rules Telugu search,https://www.youtube.com/results?search_query=association+rules+data+mining+Telugu,14,Intermediate
data-mining,Classification,en,Classification lesson search,https://www.youtube.com/results?search_query=data+mining+classification+basics,14,Beginner
data-mining,Classification,te,Classification Telugu search,https://www.youtube.com/results?search_query=data+mining+classification+Telugu,14,Beginner
data-mining,Clustering,en,Clustering lesson search,https://www.youtube.com/results?search_query=data+mining+clustering+basics,14,Beginner
data-mining,Clustering,te,Clustering Telugu search,https://www.youtube.com/results?search_query=clustering+data+mining+Telugu,14,Beginner
data-mining,Evaluation Metrics,en,Evaluation metrics lesson search,https://www.youtube.com/results?search_query=classification+precision+recall+confusion+matrix,15,Intermediate
data-mining,Evaluation Metrics,te,Evaluation metrics Telugu search,https://www.youtube.com/results?search_query=precision+recall+Telugu+machine+learning,15,Intermediate
data-mining,Data Visualization,en,Data visualization lesson search,https://www.youtube.com/results?search_query=data+visualization+charts+basics,12,Beginner
data-mining,Data Visualization,te,Data visualization Telugu search,https://www.youtube.com/results?search_query=data+visualization+Telugu,12,Beginner
class8-mathematics,Fractions,en,Fractions lesson search,https://www.youtube.com/results?search_query=class+8+fractions+math,12,Beginner
class8-mathematics,Fractions,te,Fractions Telugu lesson search,https://www.youtube.com/results?search_query=fractions+class+8+Telugu,12,Beginner
class8-mathematics,Decimals,en,Decimals lesson search,https://www.youtube.com/results?search_query=class+8+decimal+numbers+math,12,Beginner
class8-mathematics,Decimals,te,Decimals Telugu lesson search,https://www.youtube.com/results?search_query=decimals+class+8+Telugu,12,Beginner
class8-mathematics,Percentages,en,Percentages lesson search,https://www.youtube.com/results?search_query=class+8+percentage+math,12,Beginner
class8-mathematics,Percentages,te,Percentages Telugu lesson search,https://www.youtube.com/results?search_query=percentages+class+8+Telugu,12,Beginner
class8-mathematics,Ratio and Proportion,en,Ratio and proportion lesson search,https://www.youtube.com/results?search_query=class+8+ratio+proportion+math,12,Beginner
class8-mathematics,Ratio and Proportion,te,Ratio and proportion Telugu lesson search,https://www.youtube.com/results?search_query=ratio+proportion+class+8+Telugu,12,Beginner
class8-mathematics,Algebra Basics,en,Algebra basics lesson search,https://www.youtube.com/results?search_query=class+8+algebra+basics,12,Beginner
class8-mathematics,Algebra Basics,te,Algebra basics Telugu lesson search,https://www.youtube.com/results?search_query=algebra+basics+class+8+Telugu,12,Beginner
class8-mathematics,Linear Equations,en,Linear equations lesson search,https://www.youtube.com/results?search_query=class+8+linear+equations+math,14,Intermediate
class8-mathematics,Linear Equations,te,Linear equations Telugu lesson search,https://www.youtube.com/results?search_query=linear+equations+class+8+Telugu,14,Intermediate
